Date,Open,High,Low,Close,Adj Close,Volume,Name
2020-12-30,3420.0,3420.0,3310.0,3310.0,2917.152588,150844500,tlkm
2021-01-04,3320.0,3500.0,3310.0,3490.0,3075.789307,165339800,tlkm
2021-01-05,3480.0,3480.0,3420.0,3470.0,3058.163086,157800700,tlkm
2021-01-06,3470.0,3490.0,3330.0,3370.0,2970.03125,177877900,tlkm
2021-01-07,3390.0,3450.0,3380.0,3390.0,2987.657715,140221900,tlkm
2021-01-08,3450.0,3620.0,3440.0,3570.0,3146.294678,492643700,tlkm
2021-01-11,3590.0,3640.0,3570.0,3600.0,3172.733643,271231200,tlkm
2021-01-12,3600.0,3620.0,3500.0,3510.0,3093.415527,189779500,tlkm
2021-01-13,3550.0,3550.0,3460.0,3480.0,3066.976074,162329300,tlkm
2021-01-14,3480.0,3590.0,3470.0,3500.0,3084.602295,187448400,tlkm
2021-01-15,3510.0,3540.0,3450.0,3480.0,3066.976074,133304300,tlkm
2021-01-18,3480.0,3520.0,3430.0,3450.0,3040.536621,138913100,tlkm
2021-01-19,3470.0,3490.0,3370.0,3410.0,3005.283936,144100700,tlkm
2021-01-20,3420.0,3480.0,3380.0,3470.0,3058.163086,116098100,tlkm
2021-01-21,3500.0,3520.0,3460.0,3480.0,3066.976074,81801900,tlkm
2021-01-22,3420.0,3440.0,3360.0,3390.0,2987.657715,165024200,tlkm
2021-01-25,3370.0,3410.0,3310.0,3370.0,2970.03125,118131800,tlkm
2021-01-26,3360.0,3390.0,3260.0,3260.0,2873.08667,111414500,tlkm
2021-01-27,3340.0,3380.0,3260.0,3380.0,2978.844727,159144700,tlkm
2021-01-28,3280.0,3330.0,3230.0,3240.0,2855.460693,142648800,tlkm
2021-01-29,3290.0,3290.0,3110.0,3110.0,2740.889404,191915100,tlkm
2021-02-01,3130.0,3250.0,3040.0,3230.0,2846.647461,133929600,tlkm
2021-02-02,3300.0,3330.0,3250.0,3270.0,2881.899902,114734600,tlkm
2021-02-03,3250.0,3330.0,3220.0,3240.0,2855.460693,86433900,tlkm
2021-02-04,3270.0,3330.0,3260.0,3290.0,2899.526367,80319500,tlkm
2021-02-05,3320.0,3320.0,3270.0,3290.0,2899.526367,52630500,tlkm
2021-02-08,3300.0,3370.0,3270.0,3280.0,2890.713135,96635600,tlkm
2021-02-09,3250.0,3300.0,3180.0,3200.0,2820.207764,157479200,tlkm
2021-02-10,3180.0,3220.0,3160.0,3190.0,2811.39502,125221400,tlkm
2021-02-11,3220.0,3230.0,3170.0,3190.0,2811.39502,79940700,tlkm
2021-02-15,3200.0,3260.0,3200.0,3220.0,2837.833984,88883300,tlkm
2021-02-16,3200.0,3250.0,3190.0,3210.0,2829.020996,82026300,tlkm
2021-02-17,3220.0,3250.0,3140.0,3150.0,2776.14209,121105300,tlkm
2021-02-18,3190.0,3270.0,3180.0,3180.0,2802.581543,151200300,tlkm
2021-02-19,3180.0,3220.0,3170.0,3210.0,2829.020996,63214600,tlkm
2021-02-22,3210.0,3240.0,3170.0,3170.0,2793.768311,100425500,tlkm
2021-02-23,3200.0,3480.0,3200.0,3470.0,3058.163086,354966200,tlkm
2021-02-24,3490.0,3550.0,3460.0,3480.0,3066.976074,303017100,tlkm
2021-02-25,3510.0,3570.0,3450.0,3490.0,3075.789307,226833000,tlkm
2021-02-26,3450.0,3510.0,3410.0,3490.0,3075.789307,230007700,tlkm
2021-03-01,3490.0,3510.0,3470.0,3490.0,3075.789307,91513500,tlkm
2021-03-02,3490.0,3500.0,3440.0,3460.0,3049.349854,169061400,tlkm
2021-03-03,3480.0,3480.0,3420.0,3440.0,3031.723389,82610700,tlkm
2021-03-04,3420.0,3430.0,3350.0,3360.0,2961.218262,142322100,tlkm
2021-03-05,3340.0,3370.0,3320.0,3320.0,2925.965576,128546000,tlkm
2021-03-08,3360.0,3400.0,3330.0,3340.0,2943.592041,80094900,tlkm
2021-03-09,3370.0,3390.0,3280.0,3290.0,2899.526367,110090800,tlkm
2021-03-10,3340.0,3420.0,3310.0,3400.0,2996.470947,91631900,tlkm
2021-03-12,3440.0,3480.0,3430.0,3450.0,3040.536621,100195200,tlkm
2021-03-15,3440.0,3450.0,3380.0,3380.0,2978.844727,50077300,tlkm
2021-03-16,3400.0,3410.0,3360.0,3360.0,2961.218262,60111200,tlkm
2021-03-17,3410.0,3430.0,3370.0,3390.0,2987.657715,61701400,tlkm
2021-03-18,3450.0,3480.0,3430.0,3450.0,3040.536621,101896400,tlkm
2021-03-19,3410.0,3440.0,3380.0,3440.0,3031.723389,140000000,tlkm
2021-03-22,3440.0,3440.0,3380.0,3380.0,2978.844727,53870300,tlkm
2021-03-23,3390.0,3420.0,3350.0,3360.0,2961.218262,55323200,tlkm
2021-03-24,3320.0,3390.0,3320.0,3370.0,2970.03125,67173200,tlkm
2021-03-25,3400.0,3430.0,3380.0,3410.0,3005.283936,107607200,tlkm
2021-03-26,3410.0,3500.0,3390.0,3490.0,3075.789307,106810400,tlkm
2021-03-29,3470.0,3490.0,3400.0,3410.0,3005.283936,72214100,tlkm
2021-03-30,3420.0,3430.0,3360.0,3380.0,2978.844727,66491800,tlkm
2021-03-31,3380.0,3420.0,3330.0,3420.0,3014.097168,134671900,tlkm
2021-04-01,3390.0,3440.0,3380.0,3390.0,2987.657715,73332000,tlkm
2021-04-05,3430.0,3430.0,3370.0,3380.0,2978.844727,36029200,tlkm
2021-04-06,3400.0,3410.0,3370.0,3370.0,2970.03125,40566400,tlkm
2021-04-07,3410.0,3430.0,3380.0,3400.0,2996.470947,84754300,tlkm
2021-04-08,3380.0,3400.0,3380.0,3390.0,2987.657715,59079700,tlkm
2021-04-09,3390.0,3390.0,3360.0,3360.0,2961.218262,56861400,tlkm
2021-04-12,3340.0,3390.0,3300.0,3310.0,2917.152588,79003200,tlkm
2021-04-13,3340.0,3340.0,3300.0,3330.0,2934.778809,51300200,tlkm
2021-04-14,3360.0,3360.0,3320.0,3340.0,2943.592041,52587500,tlkm
2021-04-15,3340.0,3360.0,3320.0,3360.0,2961.218262,65669100,tlkm
2021-04-16,3370.0,3370.0,3320.0,3360.0,2961.218262,52517800,tlkm
2021-04-19,3330.0,3360.0,3330.0,3340.0,2943.592041,44899700,tlkm
2021-04-20,3330.0,3350.0,3300.0,3320.0,2925.965576,55700100,tlkm
2021-04-21,3290.0,3330.0,3280.0,3280.0,2890.713135,47167800,tlkm
2021-04-22,3290.0,3340.0,3290.0,3330.0,2934.778809,54970000,tlkm
2021-04-23,3330.0,3330.0,3290.0,3310.0,2917.152588,39798400,tlkm
2021-04-26,3280.0,3300.0,3250.0,3250.0,2864.273682,55076200,tlkm
2021-04-27,3240.0,3250.0,3140.0,3160.0,2784.955322,166985400,tlkm
2021-04-28,3160.0,3170.0,3130.0,3140.0,2767.329102,91596300,tlkm
2021-04-29,3150.0,3210.0,3140.0,3200.0,2820.207764,111785100,tlkm
2021-04-30,3220.0,3260.0,3200.0,3200.0,2820.207764,143840800,tlkm
2021-05-03,3200.0,3210.0,3130.0,3170.0,2793.768311,124724400,tlkm
2021-05-04,3180.0,3210.0,3170.0,3210.0,2829.020996,60180600,tlkm
2021-05-05,3210.0,3210.0,3180.0,3200.0,2820.207764,76480300,tlkm
2021-05-06,3200.0,3200.0,3150.0,3190.0,2811.39502,91955600,tlkm
2021-05-07,3200.0,3220.0,3180.0,3190.0,2811.39502,98099900,tlkm
2021-05-10,3190.0,3200.0,3160.0,3170.0,2793.768311,104121900,tlkm
2021-05-11,3170.0,3200.0,3150.0,3180.0,2802.581543,94281900,tlkm
2021-05-17,3190.0,3190.0,3150.0,3190.0,2811.39502,114071400,tlkm
2021-05-18,3190.0,3190.0,3150.0,3180.0,2802.581543,77310400,tlkm
2021-05-19,3150.0,3220.0,3150.0,3160.0,2784.955322,48958100,tlkm
2021-05-20,3190.0,3320.0,3180.0,3310.0,2917.152588,197430900,tlkm
2021-05-21,3340.0,3350.0,3270.0,3270.0,2881.899902,104101400,tlkm
2021-05-24,3290.0,3330.0,3220.0,3260.0,2873.08667,64347100,tlkm
2021-05-25,3290.0,3320.0,3270.0,3300.0,2908.339355,62218300,tlkm
2021-05-27,3350.0,3400.0,3330.0,3380.0,2978.844727,233551300,tlkm
2021-05-28,3380.0,3400.0,3260.0,3270.0,2881.899902,87439800,tlkm
2021-05-31,3300.0,3460.0,3300.0,3440.0,3031.723389,155768200,tlkm
2021-06-02,3490.0,3500.0,3420.0,3450.0,3040.536621,108933400,tlkm
2021-06-03,3420.0,3490.0,3420.0,3490.0,3075.789307,77627900,tlkm
2021-06-04,3490.0,3510.0,3450.0,3500.0,3084.602295,70624200,tlkm
2021-06-07,3540.0,3570.0,3500.0,3550.0,3128.667969,124440300,tlkm
2021-06-08,3550.0,3550.0,3470.0,3500.0,3084.602295,132409400,tlkm
2021-06-09,3340.0,3400.0,3310.0,3390.0,3138.305176,112204200,tlkm
2021-06-10,3350.0,3500.0,3340.0,3480.0,3221.623047,137713700,tlkm
2021-06-11,3490.0,3500.0,3420.0,3470.0,3212.365723,82336600,tlkm
2021-06-14,3460.0,3470.0,3400.0,3410.0,3156.820557,46016500,tlkm
2021-06-15,3410.0,3440.0,3380.0,3440.0,3184.593018,60528600,tlkm
2021-06-16,3380.0,3430.0,3380.0,3410.0,3156.820557,39149800,tlkm
2021-06-17,3370.0,3420.0,3350.0,3350.0,3101.275146,50286100,tlkm
2021-06-18,3350.0,3400.0,3290.0,3350.0,3101.275146,168414300,tlkm
2021-06-21,3280.0,3340.0,3260.0,3300.0,3054.987549,74248200,tlkm
2021-06-22,3300.0,3370.0,3290.0,3300.0,3054.987549,89349200,tlkm
2021-06-23,3310.0,3420.0,3310.0,3370.0,3119.790039,81901000,tlkm
2021-06-24,3330.0,3360.0,3240.0,3250.0,3008.699951,101334200,tlkm
2021-06-25,3250.0,3300.0,3240.0,3250.0,3008.699951,58330700,tlkm
2021-06-28,3250.0,3260.0,3170.0,3170.0,2934.639404,66338900,tlkm
2021-06-29,3190.0,3260.0,3150.0,3160.0,2925.381836,123411200,tlkm
2021-06-30,3150.0,3180.0,3130.0,3150.0,2916.124268,142204500,tlkm
2021-07-01,3160.0,3170.0,3090.0,3110.0,2879.094238,143665900,tlkm
2021-07-02,3110.0,3130.0,3060.0,3070.0,2842.064209,161855700,tlkm
2021-07-05,3070.0,3090.0,3010.0,3040.0,2814.291504,133815000,tlkm
2021-07-06,3050.0,3070.0,3000.0,3010.0,2786.518799,151573500,tlkm
2021-07-07,3030.0,3070.0,3010.0,3030.0,2805.033936,110215500,tlkm
2021-07-08,3060.0,3060.0,3000.0,3010.0,2786.518799,132576600,tlkm
2021-07-09,3040.0,3170.0,3030.0,3160.0,2925.381836,222916400,tlkm
2021-07-12,3190.0,3190.0,3110.0,3130.0,2897.609375,86268000,tlkm
2021-07-13,3160.0,3160.0,3050.0,3070.0,2842.064209,82856600,tlkm
2021-07-14,3050.0,3070.0,3020.0,3060.0,2832.806641,84993400,tlkm
2021-07-15,3110.0,3140.0,3080.0,3130.0,2897.609375,88092800,tlkm
2021-07-16,3140.0,3170.0,3110.0,3170.0,2934.639404,63626300,tlkm
2021-07-19,3160.0,3230.0,3150.0,3220.0,2980.927246,116219500,tlkm
2021-07-21,3190.0,3240.0,3180.0,3210.0,2971.669434,115099400,tlkm
2021-07-22,3210.0,3260.0,3210.0,3260.0,3017.957275,48865700,tlkm
2021-07-23,3250.0,3250.0,3150.0,3170.0,2934.639404,67128400,tlkm
2021-07-26,3140.0,3200.0,3140.0,3190.0,2953.154541,55525800,tlkm
2021-07-27,3210.0,3270.0,3160.0,3270.0,3027.214844,62673400,tlkm
2021-07-28,3250.0,3250.0,3150.0,3190.0,2953.154541,103282300,tlkm
2021-07-29,3210.0,3290.0,3200.0,3230.0,2990.184814,126542400,tlkm
2021-07-30,3200.0,3290.0,3200.0,3240.0,2999.442383,95143100,tlkm
2021-08-02,3240.0,3310.0,3210.0,3310.0,3064.245117,60368200,tlkm
2021-08-03,3310.0,3360.0,3290.0,3330.0,3082.76001,89712500,tlkm
2021-08-04,3330.0,3370.0,3310.0,3370.0,3119.790039,63108600,tlkm
2021-08-05,3360.0,3400.0,3320.0,3340.0,3092.017578,89742800,tlkm
2021-08-06,3360.0,3380.0,3310.0,3320.0,3073.502441,31664200,tlkm
2021-08-09,3260.0,3300.0,3220.0,3250.0,3008.699951,70299500,tlkm
2021-08-10,3240.0,3270.0,3190.0,3230.0,2990.184814,57658000,tlkm
2021-08-12,3260.0,3350.0,3240.0,3350.0,3101.275146,93133400,tlkm
2021-08-13,3370.0,3380.0,3260.0,3300.0,3054.987549,59903600,tlkm
2021-08-16,3300.0,3340.0,3290.0,3340.0,3092.017578,38661800,tlkm
2021-08-18,3360.0,3440.0,3350.0,3420.0,3166.078125,162921300,tlkm
2021-08-19,3410.0,3430.0,3360.0,3390.0,3138.305176,100851800,tlkm
2021-08-20,3390.0,3430.0,3370.0,3400.0,3147.562988,113411000,tlkm
2021-08-23,3420.0,3440.0,3400.0,3440.0,3184.593018,64122400,tlkm
2021-08-24,3410.0,3420.0,3310.0,3400.0,3147.562988,69338100,tlkm
2021-08-25,3390.0,3390.0,3330.0,3370.0,3119.790039,66618200,tlkm
2021-08-26,3330.0,3360.0,3320.0,3360.0,3110.532715,55756100,tlkm
2021-08-27,3370.0,3370.0,3310.0,3320.0,3073.502441,62419000,tlkm
2021-08-30,3330.0,3400.0,3330.0,3400.0,3147.562988,64177700,tlkm
2021-08-31,3400.0,3420.0,3360.0,3400.0,3147.562988,130019000,tlkm
2021-09-01,3420.0,3420.0,3330.0,3340.0,3092.017578,85135200,tlkm
2021-09-02,3350.0,3390.0,3350.0,3370.0,3119.790039,51633800,tlkm
2021-09-03,3400.0,3420.0,3370.0,3390.0,3138.305176,65479800,tlkm
2021-09-06,3410.0,3410.0,3380.0,3390.0,3138.305176,52640400,tlkm
2021-09-07,3410.0,3410.0,3360.0,3380.0,3129.047607,42617400,tlkm
2021-09-08,3400.0,3400.0,3310.0,3330.0,3082.76001,80636800,tlkm
2021-09-09,3360.0,3390.0,3330.0,3390.0,3138.305176,82214400,tlkm
2021-09-10,3380.0,3390.0,3320.0,3330.0,3082.76001,52115300,tlkm
2021-09-13,3310.0,3350.0,3300.0,3350.0,3101.275146,45547200,tlkm
2021-09-14,3380.0,3450.0,3350.0,3440.0,3184.593018,166002100,tlkm
2021-09-15,3430.0,3450.0,3410.0,3450.0,3193.850586,73158300,tlkm
2021-09-16,3470.0,3470.0,3400.0,3440.0,3184.593018,58318700,tlkm
2021-09-17,3400.0,3530.0,3390.0,3530.0,3267.910889,117573100,tlkm
2021-09-20,3500.0,3520.0,3460.0,3520.0,3258.65332,83985100,tlkm
2021-09-21,3500.0,3560.0,3480.0,3530.0,3267.910889,95848100,tlkm
2021-09-22,3530.0,3590.0,3520.0,3590.0,3323.456055,66835200,tlkm
2021-09-23,3600.0,3610.0,3550.0,3560.0,3295.68335,104737500,tlkm
2021-09-24,3560.0,3580.0,3540.0,3560.0,3295.68335,72224500,tlkm
2021-09-27,3530.0,3560.0,3480.0,3520.0,3258.65332,87303000,tlkm
2021-09-28,3510.0,3540.0,3490.0,3530.0,3267.910889,54671700,tlkm
2021-09-29,3490.0,3540.0,3490.0,3530.0,3267.910889,53170100,tlkm
2021-09-30,3550.0,3690.0,3540.0,3690.0,3416.031494,153853900,tlkm
2021-10-01,3680.0,3690.0,3610.0,3660.0,3388.258789,109898400,tlkm
2021-10-04,3620.0,3670.0,3600.0,3670.0,3397.516357,82205100,tlkm
2021-10-05,3670.0,3680.0,3620.0,3670.0,3397.516357,140488300,tlkm
2021-10-06,3690.0,3770.0,3650.0,3760.0,3480.833984,153535700,tlkm
2021-10-07,3720.0,3740.0,3690.0,3720.0,3443.803955,56837600,tlkm
2021-10-08,3730.0,3800.0,3720.0,3800.0,3517.864502,91361800,tlkm
2021-10-11,3800.0,3850.0,3770.0,3810.0,3527.12207,78865000,tlkm
2021-10-12,3780.0,3840.0,3770.0,3780.0,3499.349365,69866300,tlkm
2021-10-13,3750.0,3820.0,3750.0,3770.0,3490.091797,87143900,tlkm
2021-10-14,3770.0,3830.0,3770.0,3830.0,3545.636963,95817900,tlkm
2021-10-15,3840.0,3840.0,3750.0,3810.0,3527.12207,69707700,tlkm
2021-10-18,3840.0,3840.0,3790.0,3790.0,3508.606934,78580700,tlkm
2021-10-19,3750.0,3800.0,3720.0,3740.0,3462.319092,61095700,tlkm
2021-10-21,3780.0,3880.0,3760.0,3850.0,3564.1521,169659500,tlkm
2021-10-22,3860.0,3880.0,3820.0,3870.0,3582.666992,59640700,tlkm
2021-10-25,3800.0,3840.0,3780.0,3780.0,3499.349365,58246300,tlkm
2021-10-26,3800.0,3830.0,3780.0,3800.0,3517.864502,58615100,tlkm
2021-10-27,3820.0,3830.0,3770.0,3790.0,3508.606934,52210100,tlkm
2021-10-28,3820.0,3820.0,3710.0,3750.0,3471.57666,61151100,tlkm
2021-10-29,3750.0,3810.0,3730.0,3800.0,3517.864502,70430900,tlkm
2021-11-01,3810.0,3820.0,3700.0,3700.0,3425.289063,65447100,tlkm
2021-11-02,3700.0,3710.0,3640.0,3660.0,3388.258789,170260000,tlkm
2021-11-03,3620.0,3740.0,3620.0,3720.0,3443.803955,48810500,tlkm
2021-11-04,3750.0,3780.0,3720.0,3770.0,3490.091797,53494200,tlkm
2021-11-05,3760.0,3770.0,3710.0,3770.0,3490.091797,43133000,tlkm
2021-11-08,3780.0,3780.0,3710.0,3750.0,3471.57666,58758600,tlkm
2021-11-09,3730.0,3740.0,3680.0,3710.0,3434.546387,92427800,tlkm
2021-11-10,3670.0,3720.0,3670.0,3700.0,3425.289063,53511200,tlkm
2021-11-11,3700.0,3730.0,3640.0,3650.0,3379.001221,95789600,tlkm
2021-11-12,3660.0,3660.0,3600.0,3600.0,3332.713623,115142400,tlkm
2021-11-15,3600.0,3650.0,3600.0,3600.0,3332.713623,91001800,tlkm
2021-11-16,3590.0,3680.0,3590.0,3670.0,3397.516357,99590700,tlkm
2021-11-17,3690.0,3690.0,3600.0,3630.0,3360.486328,82023300,tlkm
2021-11-18,3630.0,3640.0,3600.0,3630.0,3360.486328,53290400,tlkm
2021-11-19,3660.0,3920.0,3660.0,3900.0,3610.439697,310615000,tlkm
2021-11-22,3920.0,3930.0,3780.0,3800.0,3517.864502,206683100,tlkm
2021-11-23,3800.0,3850.0,3780.0,3800.0,3517.864502,67778800,tlkm
2021-11-24,3840.0,3840.0,3790.0,3800.0,3517.864502,67303800,tlkm
2021-11-25,3880.0,4090.0,3850.0,4000.0,3703.015137,264897100,tlkm
2021-11-26,4040.0,4050.0,3970.0,4010.0,3712.272705,231870300,tlkm
2021-11-29,4010.0,4170.0,3980.0,4140.0,3832.62085,228774600,tlkm
2021-11-30,4150.0,4170.0,3990.0,3990.0,3693.757568,435800600,tlkm
2021-12-01,4040.0,4150.0,4020.0,4080.0,3777.075439,200699200,tlkm
2021-12-02,4140.0,4190.0,4100.0,4160.0,3851.135742,116093100,tlkm
2021-12-03,4130.0,4180.0,4050.0,4070.0,3767.817871,96760700,tlkm
2021-12-06,4060.0,4250.0,4050.0,4170.0,3860.393311,106756900,tlkm
2021-12-07,4180.0,4200.0,4120.0,4150.0,3841.878174,121543400,tlkm
2021-12-08,4100.0,4120.0,4010.0,4090.0,3786.333008,113845600,tlkm
2021-12-09,4090.0,4150.0,4080.0,4150.0,3841.878174,86985800,tlkm
2021-12-10,4070.0,4150.0,4070.0,4150.0,3841.878174,90725000,tlkm
2021-12-13,4150.0,4150.0,4080.0,4080.0,3777.075439,65533000,tlkm
2021-12-14,4120.0,4120.0,4070.0,4100.0,3795.590332,75736900,tlkm
2021-12-15,4060.0,4140.0,4060.0,4080.0,3777.075439,84424500,tlkm
2021-12-16,4110.0,4150.0,4060.0,4100.0,3795.590332,98164300,tlkm
2021-12-17,4010.0,4100.0,4010.0,4100.0,3795.590332,149615800,tlkm
2021-12-20,4070.0,4110.0,4040.0,4080.0,3777.075439,72794200,tlkm
2021-12-21,4110.0,4190.0,4100.0,4160.0,3851.135742,98039300,tlkm
2021-12-22,4160.0,4170.0,4110.0,4110.0,3804.8479,50574500,tlkm
2021-12-23,4110.0,4160.0,4100.0,4160.0,3851.135742,54508200,tlkm
2021-12-24,4160.0,4170.0,4100.0,4110.0,3804.8479,29075600,tlkm
2021-12-27,4150.0,4150.0,4070.0,4080.0,3777.075439,30748000,tlkm
2021-12-28,4080.0,4130.0,4050.0,4090.0,3786.333008,39443300,tlkm
2021-12-29,4100.0,4130.0,4080.0,4080.0,3777.075439,25596100,tlkm
2021-12-30,4130.0,4130.0,4040.0,4040.0,3740.045166,50575100,tlkm
2022-01-03,4060.0,4180.0,4050.0,4180.0,3869.650879,65937900,tlkm
2022-01-04,4180.0,4200.0,4150.0,4170.0,3860.393311,42984700,tlkm
2022-01-05,4150.0,4190.0,4030.0,4050.0,3749.302734,119584700,tlkm
2022-01-06,4090.0,4120.0,4030.0,4120.0,3814.105469,89197500,tlkm
2022-01-07,4120.0,4190.0,4090.0,4170.0,3860.393311,68415100,tlkm
2022-01-10,4180.0,4190.0,4100.0,4100.0,3795.590332,44921200,tlkm
2022-01-11,4120.0,4160.0,4090.0,4090.0,3786.333008,61890200,tlkm
2022-01-12,4110.0,4140.0,4070.0,4110.0,3804.8479,45132700,tlkm
2022-01-13,4170.0,4180.0,4110.0,4180.0,3869.650879,84148400,tlkm
2022-01-14,4140.0,4190.0,4130.0,4190.0,3878.908447,28193100,tlkm
2022-01-17,4200.0,4200.0,4140.0,4180.0,3869.650879,39816300,tlkm
2022-01-18,4200.0,4250.0,4160.0,4250.0,3934.453613,112212200,tlkm
2022-01-19,4260.0,4260.0,4230.0,4250.0,3934.453613,88713900,tlkm
2022-01-20,4300.0,4300.0,4190.0,4220.0,3906.680908,100014500,tlkm
2022-01-21,4240.0,4330.0,4190.0,4330.0,4008.513916,75534800,tlkm
2022-01-24,4260.0,4310.0,4250.0,4300.0,3980.740967,70404500,tlkm
2022-01-25,4310.0,4320.0,4250.0,4290.0,3971.483398,116353600,tlkm
2022-01-26,4380.0,4390.0,4290.0,4390.0,4064.059326,127641400,tlkm
2022-01-27,4400.0,4400.0,4260.0,4270.0,3952.96875,98613900,tlkm
2022-01-28,4260.0,4300.0,4230.0,4260.0,3943.710938,61686700,tlkm
2022-01-31,4210.0,4250.0,4190.0,4190.0,3878.908447,88735900,tlkm
2022-02-02,4170.0,4200.0,4150.0,4170.0,3860.393311,144006000,tlkm
2022-02-03,4200.0,4210.0,4160.0,4200.0,3888.166016,58212400,tlkm
2022-02-04,4260.0,4260.0,4180.0,4230.0,3915.938477,98728700,tlkm
2022-02-07,4230.0,4290.0,4210.0,4290.0,3971.483398,90285800,tlkm
2022-02-08,4280.0,4280.0,4230.0,4230.0,3915.938477,71210400,tlkm
2022-02-09,4280.0,4280.0,4210.0,4280.0,3962.226318,95375000,tlkm
2022-02-10,4400.0,4470.0,4340.0,4460.0,4128.861816,233984700,tlkm
2022-02-11,4500.0,4550.0,4410.0,4450.0,4119.604492,130081900,tlkm
2022-02-14,4380.0,4400.0,4310.0,4400.0,4073.316406,104903700,tlkm
2022-02-15,4400.0,4440.0,4360.0,4410.0,4082.573975,75305900,tlkm
2022-02-16,4420.0,4460.0,4380.0,4400.0,4073.316406,90121200,tlkm
2022-02-17,4400.0,4440.0,4360.0,4410.0,4082.573975,72970200,tlkm
2022-02-18,4420.0,4440.0,4370.0,4400.0,4073.316406,71111300,tlkm
2022-02-21,4370.0,4420.0,4340.0,4370.0,4045.544189,58883000,tlkm
2022-02-22,4320.0,4360.0,4250.0,4300.0,3980.740967,106985800,tlkm
2022-02-23,4280.0,4370.0,4270.0,4350.0,4027.029053,110562400,tlkm
2022-02-24,4280.0,4320.0,4200.0,4240.0,3925.196045,126158600,tlkm
2022-02-25,4240.0,4350.0,4240.0,4340.0,4017.771484,208757000,tlkm
2022-03-01,4640.0,4650.0,4350.0,4350.0,4027.029053,206416900,tlkm
2022-03-02,4400.0,4400.0,4270.0,4290.0,3971.483398,152165300,tlkm
2022-03-04,4440.0,4440.0,4300.0,4400.0,4073.316406,155369100,tlkm
2022-03-07,4400.0,4530.0,4370.0,4510.0,4175.149414,177360400,tlkm
2022-03-08,4600.0,4700.0,4540.0,4620.0,4276.982422,234086000,tlkm
2022-03-09,4550.0,4620.0,4420.0,4440.0,4110.34668,145145900,tlkm
2022-03-10,4500.0,4500.0,4380.0,4410.0,4082.573975,130830800,tlkm
2022-03-11,4410.0,4590.0,4400.0,4590.0,4249.209961,143446200,tlkm
2022-03-14,4650.0,4670.0,4540.0,4580.0,4239.952148,166572700,tlkm
2022-03-15,4630.0,4630.0,4570.0,4620.0,4276.982422,231077800,tlkm
2022-03-16,4660.0,4660.0,4550.0,4630.0,4286.239746,109961900,tlkm
2022-03-17,4550.0,4580.0,4450.0,4480.0,4147.376953,246300800,tlkm
2022-03-18,4490.0,4540.0,4470.0,4540.0,4202.921875,210266100,tlkm
2022-03-21,4550.0,4570.0,4520.0,4550.0,4212.179688,79691600,tlkm
2022-03-22,4550.0,4580.0,4540.0,4550.0,4212.179688,98699900,tlkm
2022-03-23,4550.0,4570.0,4500.0,4550.0,4212.179688,78299500,tlkm
2022-03-24,4500.0,4570.0,4500.0,4560.0,4221.437012,89578400,tlkm
2022-03-25,4510.0,4540.0,4480.0,4520.0,4184.406738,90053700,tlkm
2022-03-28,4510.0,4600.0,4500.0,4600.0,4258.467773,184131000,tlkm
2022-03-29,4600.0,4620.0,4560.0,4560.0,4221.437012,77920800,tlkm
2022-03-30,4620.0,4620.0,4560.0,4580.0,4239.952148,118749100,tlkm
2022-03-31,4620.0,4640.0,4560.0,4580.0,4239.952148,108109700,tlkm
2022-04-01,4550.0,4580.0,4530.0,4580.0,4239.952148,86590300,tlkm
2022-04-04,4560.0,4570.0,4490.0,4540.0,4202.921875,103480300,tlkm
2022-04-05,4550.0,4550.0,4500.0,4520.0,4184.406738,52172300,tlkm
2022-04-06,4490.0,4500.0,4420.0,4430.0,4101.089355,108368800,tlkm
2022-04-07,4450.0,4540.0,4440.0,4540.0,4202.921875,143921800,tlkm
2022-04-08,4580.0,4610.0,4560.0,4580.0,4239.952148,161974500,tlkm
2022-04-11,4610.0,4610.0,4550.0,4590.0,4249.209961,90521500,tlkm
2022-04-12,4620.0,4630.0,4580.0,4630.0,4286.239746,187948000,tlkm
2022-04-13,4700.0,4720.0,4650.0,4690.0,4341.785156,196864200,tlkm
2022-04-14,4700.0,4730.0,4660.0,4680.0,4332.527832,112735200,tlkm
2022-04-18,4720.0,4730.0,4690.0,4710.0,4360.300293,120778200,tlkm
2022-04-19,4740.0,4750.0,4680.0,4680.0,4332.527832,92268300,tlkm
2022-04-20,4680.0,4690.0,4620.0,4630.0,4286.239746,88360900,tlkm
2022-04-21,4620.0,4670.0,4600.0,4620.0,4276.982422,97575800,tlkm
2022-04-22,4620.0,4680.0,4580.0,4620.0,4276.982422,101299100,tlkm
2022-04-25,4610.0,4720.0,4580.0,4710.0,4360.300293,92045500,tlkm
2022-04-26,4680.0,4760.0,4670.0,4760.0,4406.587891,85945800,tlkm
2022-04-27,4720.0,4790.0,4720.0,4770.0,4415.845215,136485600,tlkm
2022-04-28,4850.0,4850.0,4620.0,4620.0,4276.982422,198484800,tlkm
2022-05-09,4560.0,4560.0,4300.0,4310.0,3989.998535,343682000,tlkm
2022-05-10,4120.0,4380.0,4120.0,4340.0,4017.771484,281386300,tlkm
2022-05-11,4400.0,4480.0,4330.0,4330.0,4008.513916,154455400,tlkm
2022-05-12,4340.0,4390.0,4250.0,4300.0,3980.740967,233518500,tlkm
2022-05-13,4250.0,4350.0,4230.0,4260.0,3943.710938,190889200,tlkm
2022-05-17,4250.0,4290.0,4180.0,4180.0,3869.650879,170880700,tlkm
2022-05-18,4230.0,4290.0,4190.0,4250.0,3934.453613,185359500,tlkm
2022-05-19,4180.0,4230.0,4150.0,4210.0,3897.42334,112679300,tlkm
2022-05-20,4220.0,4230.0,4170.0,4170.0,3860.393311,141701800,tlkm
2022-05-23,4160.0,4180.0,4070.0,4110.0,3804.8479,196569900,tlkm
2022-05-24,4120.0,4200.0,4120.0,4150.0,3841.878174,151693700,tlkm
2022-05-25,4200.0,4210.0,4150.0,4200.0,3888.166016,166595400,tlkm
2022-05-27,4260.0,4300.0,4210.0,4300.0,3980.740967,186513500,tlkm
2022-05-30,4340.0,4340.0,4200.0,4250.0,3934.453613,107614100,tlkm
2022-05-31,4270.0,4330.0,4230.0,4310.0,3989.998535,469620300,tlkm
2022-06-02,4390.0,4390.0,4270.0,4290.0,3971.483398,164481100,tlkm
2022-06-03,4310.0,4390.0,4300.0,4310.0,3989.998535,108852800,tlkm
2022-06-06,4310.0,4340.0,4270.0,4340.0,4017.771484,79319400,tlkm
2022-06-07,4340.0,4340.0,4250.0,4250.0,3934.453613,142504000,tlkm
2022-06-08,4150.0,4170.0,4080.0,4100.0,3934.42041,202555900,tlkm
2022-06-09,4080.0,4130.0,4050.0,4050.0,3886.439697,148580200,tlkm
2022-06-10,4040.0,4080.0,4000.0,4020.0,3857.651367,189186700,tlkm
2022-06-13,3950.0,4100.0,3930.0,4080.0,3915.228271,156054900,tlkm
2022-06-14,4050.0,4120.0,4020.0,4110.0,3944.016602,117325600,tlkm
2022-06-15,4060.0,4080.0,4030.0,4060.0,3896.035889,94848800,tlkm
2022-06-16,4120.0,4120.0,4030.0,4040.0,3876.843506,96042200,tlkm
2022-06-17,4010.0,4120.0,3980.0,4120.0,3953.612793,169375800,tlkm
2022-06-20,4050.0,4060.0,4000.0,4040.0,3876.843506,82101200,tlkm
2022-06-21,4060.0,4120.0,4030.0,4110.0,3944.016602,77489000,tlkm
2022-06-22,4090.0,4090.0,4040.0,4050.0,3886.439697,60907800,tlkm
2022-06-23,4030.0,4160.0,4030.0,4160.0,3991.997314,101065400,tlkm
2022-06-24,4230.0,4230.0,4100.0,4150.0,3982.401123,81050700,tlkm
2022-06-27,4110.0,4120.0,4040.0,4070.0,3905.63208,71574300,tlkm
2022-06-28,4010.0,4050.0,4000.0,4030.0,3867.247559,128618800,tlkm
2022-06-29,4000.0,4080.0,4000.0,4040.0,3876.843506,72888100,tlkm
2022-06-30,4110.0,4110.0,4000.0,4000.0,3838.458984,116718900,tlkm
2022-07-01,4010.0,4040.0,4000.0,4020.0,3857.651367,39572500,tlkm
2022-07-04,4020.0,4040.0,3840.0,3990.0,3828.862793,115885200,tlkm
2022-07-05,4010.0,4070.0,3950.0,3990.0,3828.862793,72329600,tlkm
2022-07-06,4050.0,4050.0,3970.0,4020.0,3857.651367,62679000,tlkm
2022-07-07,4040.0,4050.0,4010.0,4040.0,3876.843506,42393800,tlkm
2022-07-08,4050.0,4060.0,4000.0,4010.0,3848.055176,64049000,tlkm
2022-07-11,4100.0,4100.0,4000.0,4040.0,3876.843506,42258000,tlkm
2022-07-12,4060.0,4060.0,4010.0,4010.0,3848.055176,43399800,tlkm
2022-07-13,4010.0,4030.0,3930.0,3940.0,3780.88208,96218200,tlkm
2022-07-14,3940.0,4020.0,3900.0,4020.0,3857.651367,68708500,tlkm
2022-07-15,4040.0,4210.0,4010.0,4150.0,3982.401123,146093800,tlkm
2022-07-18,4110.0,4190.0,4070.0,4190.0,4020.785889,84009400,tlkm
2022-07-19,4190.0,4190.0,4130.0,4160.0,3991.997314,91367900,tlkm
2022-07-20,4140.0,4220.0,4140.0,4210.0,4039.978027,82344000,tlkm
2022-07-21,4210.0,4260.0,4180.0,4260.0,4087.95874,107234600,tlkm
2022-07-22,4240.0,4240.0,4190.0,4230.0,4059.17041,59792300,tlkm
2022-07-25,4240.0,4260.0,4220.0,4240.0,4068.766602,37218000,tlkm
2022-07-26,4240.0,4250.0,4190.0,4250.0,4078.362793,49786900,tlkm
2022-07-27,4230.0,4300.0,4210.0,4300.0,4126.343262,60672300,tlkm
2022-07-28,4310.0,4320.0,4190.0,4240.0,4068.766602,110767300,tlkm
2022-07-29,4280.0,4300.0,4210.0,4230.0,4059.17041,108823600,tlkm
2022-08-01,4230.0,4300.0,4230.0,4300.0,4126.343262,104724300,tlkm
2022-08-02,4350.0,4450.0,4250.0,4450.0,4270.285645,112228800,tlkm
2022-08-03,4450.0,4590.0,4410.0,4500.0,4318.266602,251825000,tlkm
2022-08-04,4450.0,4550.0,4450.0,4550.0,4366.24707,186881500,tlkm
2022-08-05,4590.0,4650.0,4530.0,4650.0,4462.208496,268967200,tlkm
2022-08-08,4700.0,4700.0,4650.0,4700.0,4510.189453,191023500,tlkm
2022-08-09,4700.0,4700.0,4630.0,4640.0,4452.612305,164453900,tlkm
2022-08-10,4530.0,4590.0,4490.0,4560.0,4375.843262,162061400,tlkm
2022-08-11,4550.0,4610.0,4520.0,4570.0,4385.439453,123629000,tlkm
2022-08-12,4570.0,4600.0,4530.0,4550.0,4366.24707,124552500,tlkm
2022-08-15,4540.0,4570.0,4440.0,4450.0,4270.285645,136882800,tlkm
2022-08-16,4530.0,4580.0,4410.0,4410.0,4231.900879,127710800,tlkm
2022-08-18,4360.0,4550.0,4350.0,4550.0,4366.24707,182044300,tlkm
2022-08-19,4560.0,4610.0,4460.0,4600.0,4414.228027,177623900,tlkm
2022-08-22,4550.0,4660.0,4530.0,4650.0,4462.208496,202320400,tlkm
2022-08-23,4680.0,4710.0,4610.0,4660.0,4471.804688,229431400,tlkm
2022-08-24,4660.0,4770.0,4600.0,4750.0,4558.169922,189007900,tlkm
2022-08-25,4680.0,4700.0,4560.0,4570.0,4385.439453,179495700,tlkm
2022-08-26,4510.0,4540.0,4480.0,4490.0,4308.67041,184317100,tlkm
2022-08-29,4370.0,4550.0,4360.0,4520.0,4337.458496,101529800,tlkm
2022-08-30,4580.0,4620.0,4480.0,4480.0,4299.074219,118884300,tlkm
2022-08-31,4420.0,4600.0,4420.0,4560.0,4375.843262,175300400,tlkm
2022-09-01,4560.0,4650.0,4530.0,4580.0,4395.035645,120871700,tlkm
2022-09-02,4540.0,4620.0,4540.0,4600.0,4414.228027,106985000,tlkm
2022-09-05,4560.0,4630.0,4550.0,4620.0,4433.419922,77323800,tlkm
2022-09-06,4610.0,4620.0,4510.0,4510.0,4327.862305,61970100,tlkm
2022-09-07,4500.0,4560.0,4480.0,4490.0,4308.67041,106145700,tlkm
2022-09-08,4500.0,4640.0,4500.0,4560.0,4375.843262,123389200,tlkm
2022-09-09,4550.0,4600.0,4530.0,4600.0,4414.228027,50307800,tlkm
2022-09-12,4600.0,4600.0,4530.0,4540.0,4356.650879,74820600,tlkm
2022-09-13,4540.0,4560.0,4520.0,4520.0,4337.458496,91510200,tlkm
2022-09-14,4490.0,4530.0,4460.0,4480.0,4299.074219,97919200,tlkm
2022-09-15,4540.0,4600.0,4500.0,4500.0,4318.266602,125599900,tlkm
2022-09-16,4500.0,4500.0,4410.0,4410.0,4231.900879,210277300,tlkm
2022-09-19,4460.0,4560.0,4440.0,4500.0,4318.266602,116164500,tlkm
2022-09-20,4530.0,4540.0,4480.0,4480.0,4299.074219,100743700,tlkm
2022-09-21,4450.0,4470.0,4410.0,4430.0,4251.093262,91363200,tlkm
2022-09-22,4400.0,4450.0,4380.0,4430.0,4251.093262,89922900,tlkm
2022-09-23,4400.0,4430.0,4380.0,4380.0,4203.112793,95911400,tlkm
2022-09-26,4390.0,4510.0,4300.0,4460.0,4279.881836,132185400,tlkm
2022-09-27,4450.0,4470.0,4380.0,4440.0,4260.689453,123113800,tlkm
2022-09-28,4430.0,4530.0,4400.0,4470.0,4289.478027,104385500,tlkm
2022-09-29,4460.0,4500.0,4420.0,4440.0,4260.689453,90290400,tlkm
2022-09-30,4400.0,4500.0,4390.0,4460.0,4279.881836,111482000,tlkm
2022-10-03,4460.0,4470.0,4380.0,4460.0,4279.881836,77569100,tlkm
2022-10-04,4460.0,4510.0,4430.0,4440.0,4260.689453,87832800,tlkm
2022-10-05,4490.0,4540.0,4460.0,4460.0,4279.881836,61888400,tlkm
2022-10-06,4460.0,4480.0,4420.0,4430.0,4251.093262,60464300,tlkm
2022-10-07,4400.0,4430.0,4350.0,4350.0,4174.324219,102570000,tlkm
2022-10-10,4340.0,4420.0,4330.0,4420.0,4241.49707,72389100,tlkm
2022-10-11,4360.0,4380.0,4310.0,4310.0,4135.939453,108794500,tlkm
2022-10-12,4300.0,4350.0,4280.0,4340.0,4164.728027,107938600,tlkm
2022-10-13,4330.0,4350.0,4290.0,4300.0,4126.343262,70034500,tlkm
2022-10-14,4360.0,4360.0,4290.0,4290.0,4116.74707,68096300,tlkm
2022-10-17,4200.0,4330.0,4200.0,4330.0,4155.131836,90321700,tlkm
2022-10-18,4310.0,4340.0,4250.0,4250.0,4078.362793,72516000,tlkm
2022-10-19,4220.0,4300.0,4200.0,4200.0,4030.38208,65848300,tlkm
2022-10-20,4200.0,4350.0,4200.0,4350.0,4174.324219,165391500,tlkm
2022-10-21,4300.0,4390.0,4300.0,4360.0,4183.92041,79825700,tlkm
2022-10-24,4380.0,4450.0,4380.0,4410.0,4231.900879,76777200,tlkm
2022-10-25,4430.0,4470.0,4390.0,4390.0,4212.708984,109154300,tlkm
2022-10-26,4420.0,4430.0,4330.0,4370.0,4193.516602,97320500,tlkm
2022-10-27,4390.0,4410.0,4340.0,4370.0,4193.516602,80270300,tlkm
2022-10-28,4420.0,4450.0,4380.0,4450.0,4270.285645,91101500,tlkm
2022-10-31,4460.0,4460.0,4360.0,4390.0,4212.708984,162753500,tlkm
2022-11-01,4420.0,4420.0,4360.0,4420.0,4241.49707,108592900,tlkm
2022-11-02,4400.0,4420.0,4220.0,4220.0,4049.574219,217855200,tlkm
2022-11-03,4140.0,4170.0,4050.0,4130.0,3963.208984,231475000,tlkm
2022-11-04,4070.0,4210.0,4070.0,4210.0,4039.978027,201183100,tlkm
2022-11-07,4250.0,4280.0,4160.0,4280.0,4107.151367,129868800,tlkm
2022-11-08,4270.0,4280.0,4200.0,4220.0,4049.574219,110546800,tlkm
2022-11-09,4200.0,4230.0,4180.0,4190.0,4020.785889,145833200,tlkm
2022-11-10,4110.0,4210.0,4110.0,4170.0,4001.593506,81249200,tlkm
2022-11-11,4160.0,4180.0,4140.0,4150.0,3982.401123,227799300,tlkm
2022-11-14,4090.0,4120.0,4030.0,4050.0,3886.439697,188771200,tlkm
2022-11-15,4050.0,4080.0,4030.0,4050.0,3886.439697,88570400,tlkm
2022-11-16,4000.0,4070.0,3960.0,4050.0,3886.439697,149512300,tlkm
2022-11-17,4020.0,4070.0,4020.0,4040.0,3876.843506,68616700,tlkm
2022-11-18,4070.0,4080.0,4010.0,4010.0,3848.055176,115907900,tlkm
2022-11-21,4020.0,4060.0,4010.0,4030.0,3867.247559,45277400,tlkm
2022-11-22,4020.0,4040.0,4000.0,4000.0,3838.458984,83888300,tlkm
2022-11-23,3990.0,4030.0,3970.0,3970.0,3809.670654,95750400,tlkm
2022-11-24,3980.0,4040.0,3980.0,4030.0,3867.247559,50741600,tlkm
2022-11-25,4010.0,4040.0,3980.0,4030.0,3867.247559,73305800,tlkm
2022-11-28,4030.0,4040.0,3980.0,3980.0,3819.266602,94063100,tlkm
2022-11-29,3980.0,4020.0,3980.0,3980.0,3819.266602,94389800,tlkm
2022-11-30,3970.0,4050.0,3970.0,4040.0,3876.843506,585687400,tlkm
2022-12-01,4020.0,4040.0,3960.0,3960.0,3800.074463,230066600,tlkm
2022-12-02,3950.0,4020.0,3930.0,4000.0,3838.458984,113336600,tlkm
2022-12-05,3980.0,3990.0,3820.0,3840.0,3684.920654,148751200,tlkm
2022-12-06,3640.0,3720.0,3580.0,3600.0,3454.613037,416468700,tlkm
2022-12-07,3600.0,3700.0,3570.0,3680.0,3531.382324,278572200,tlkm
2022-12-08,3700.0,3780.0,3620.0,3740.0,3588.959229,245646400,tlkm
2022-12-09,3680.0,3720.0,3630.0,3650.0,3502.59375,164606100,tlkm
2022-12-12,3670.0,3710.0,3640.0,3700.0,3550.574707,170545000,tlkm
2022-12-13,3690.0,3790.0,3680.0,3750.0,3598.55542,231127000,tlkm
2022-12-14,3820.0,3820.0,3740.0,3750.0,3598.55542,107175700,tlkm
2022-12-15,3680.0,3720.0,3670.0,3670.0,3521.786133,143233600,tlkm
2022-12-16,3610.0,3740.0,3610.0,3680.0,3531.382324,310944500,tlkm
2022-12-19,3740.0,3790.0,3680.0,3720.0,3569.766846,119137700,tlkm
2022-12-20,3730.0,3750.0,3700.0,3720.0,3569.766846,55351300,tlkm
2022-12-21,3690.0,3790.0,3670.0,3790.0,3636.939941,98741000,tlkm
2022-12-22,3800.0,3810.0,3740.0,3750.0,3598.55542,68702100,tlkm
2022-12-23,3710.0,3780.0,3700.0,3780.0,3627.34375,45179400,tlkm
2022-12-26,3780.0,3800.0,3730.0,3750.0,3598.55542,19216700,tlkm
2022-12-27,3770.0,3840.0,3750.0,3810.0,3656.132324,49816500,tlkm
2022-12-28,3800.0,3810.0,3710.0,3730.0,3579.363037,65006300,tlkm
2022-12-29,3720.0,3790.0,3710.0,3780.0,3627.34375,51703500,tlkm
2022-12-30,3760.0,3800.0,3750.0,3750.0,3598.55542,79677300,tlkm
2023-01-02,3750.0,3800.0,3750.0,3800.0,3646.536133,7959900,tlkm
2023-01-03,3790.0,3890.0,3770.0,3860.0,3704.113037,64235000,tlkm
2023-01-04,3840.0,3860.0,3810.0,3820.0,3665.728271,56785600,tlkm
2023-01-05,3800.0,3820.0,3720.0,3770.0,3617.747559,135167000,tlkm
2023-01-06,3750.0,3770.0,3710.0,3710.0,3560.170654,65207400,tlkm
2023-01-09,3730.0,3790.0,3730.0,3790.0,3636.939941,46616400,tlkm
2023-01-10,3810.0,3850.0,3750.0,3830.0,3675.324463,80009900,tlkm
2023-01-11,3820.0,3900.0,3790.0,3870.0,3713.708984,75139300,tlkm
2023-01-12,3790.0,3900.0,3780.0,3860.0,3704.113037,105775500,tlkm
2023-01-13,3820.0,3860.0,3770.0,3780.0,3627.34375,85780600,tlkm
2023-01-16,3780.0,3850.0,3780.0,3850.0,3694.516846,58918700,tlkm
2023-01-17,3870.0,3990.0,3860.0,3950.0,3790.478271,132256600,tlkm
2023-01-18,4010.0,4010.0,3900.0,3930.0,3771.285889,94772000,tlkm
2023-01-19,3900.0,3980.0,3880.0,3890.0,3732.901367,109555200,tlkm
2023-01-20,3910.0,3920.0,3850.0,3870.0,3713.708984,88457800,tlkm
2023-01-24,3890.0,3910.0,3850.0,3850.0,3694.516846,45504900,tlkm
2023-01-25,3850.0,3880.0,3810.0,3840.0,3684.920654,80575100,tlkm
2023-01-26,3850.0,4000.0,3850.0,3970.0,3809.670654,117238000,tlkm
2023-01-27,3970.0,3990.0,3950.0,3960.0,3800.074463,100769500,tlkm
2023-01-30,3960.0,3970.0,3910.0,3960.0,3800.074463,59425300,tlkm
2023-01-31,3940.0,3950.0,3850.0,3850.0,3694.516846,179726700,tlkm
2023-02-01,3850.0,3900.0,3840.0,3870.0,3713.708984,70997300,tlkm
2023-02-02,3850.0,3900.0,3840.0,3890.0,3732.901367,78852300,tlkm
2023-02-03,3910.0,3920.0,3870.0,3880.0,3723.305176,55154800,tlkm
2023-02-06,3860.0,3910.0,3850.0,3880.0,3723.305176,58861300,tlkm
2023-02-07,3880.0,3880.0,3800.0,3800.0,3646.536133,76254900,tlkm
2023-02-08,3800.0,3850.0,3790.0,3840.0,3684.920654,65856500,tlkm
2023-02-09,3840.0,3840.0,3760.0,3770.0,3617.747559,91337300,tlkm
2023-02-10,3750.0,3800.0,3690.0,3800.0,3646.536133,88759600,tlkm
2023-02-13,3800.0,3810.0,3750.0,3790.0,3636.939941,69004400,tlkm
2023-02-14,3830.0,3830.0,3760.0,3800.0,3646.536133,80331100,tlkm
2023-02-15,3810.0,3820.0,3730.0,3790.0,3636.939941,59028200,tlkm
2023-02-16,3800.0,3800.0,3750.0,3770.0,3617.747559,49869900,tlkm
2023-02-17,3770.0,3770.0,3720.0,3760.0,3608.151367,50369000,tlkm
2023-02-20,3760.0,3820.0,3760.0,3820.0,3665.728271,57438900,tlkm
2023-02-21,3850.0,3870.0,3830.0,3840.0,3684.920654,63880300,tlkm
2023-02-22,3850.0,3870.0,3800.0,3860.0,3704.113037,48505600,tlkm
2023-02-23,3950.0,3970.0,3890.0,3970.0,3809.670654,109147100,tlkm
2023-02-24,4000.0,4040.0,3950.0,4040.0,3876.843506,142165700,tlkm
2023-02-27,3990.0,4000.0,3920.0,3960.0,3800.074463,66461600,tlkm
2023-02-28,3930.0,3970.0,3880.0,3880.0,3723.305176,115766900,tlkm
2023-03-01,3930.0,3990.0,3910.0,3930.0,3771.285889,47395200,tlkm
2023-03-02,3900.0,3930.0,3880.0,3880.0,3723.305176,43208800,tlkm
2023-03-03,3880.0,3920.0,3870.0,3900.0,3742.497559,49796000,tlkm
2023-03-06,3940.0,3950.0,3870.0,3880.0,3723.305176,50103800,tlkm
2023-03-07,3890.0,3910.0,3850.0,3880.0,3723.305176,59086800,tlkm
2023-03-08,3850.0,3940.0,3850.0,3940.0,3780.88208,78551000,tlkm
2023-03-09,3970.0,4000.0,3960.0,3970.0,3809.670654,68725500,tlkm
2023-03-10,3960.0,4020.0,3930.0,4010.0,3848.055176,76136200,tlkm
2023-03-13,4020.0,4090.0,3980.0,4070.0,3905.63208,104663300,tlkm
2023-03-14,4030.0,4090.0,4000.0,4020.0,3857.651367,111430100,tlkm
2023-03-15,4050.0,4050.0,3990.0,4010.0,3848.055176,65025400,tlkm
2023-03-16,4040.0,4060.0,3980.0,4050.0,3886.439697,96707900,tlkm
2023-03-17,4090.0,4100.0,4030.0,4050.0,3886.439697,232270900,tlkm
2023-03-20,4050.0,4050.0,3940.0,3990.0,3828.862793,105982700,tlkm
2023-03-21,4000.0,4120.0,4000.0,4120.0,3953.612793,88808200,tlkm
2023-03-24,4100.0,4120.0,4060.0,4070.0,3905.63208,96214700,tlkm
2023-03-27,4100.0,4120.0,4030.0,4050.0,3886.439697,71556400,tlkm
2023-03-28,4100.0,4100.0,4030.0,4050.0,3886.439697,87955300,tlkm
2023-03-29,4090.0,4120.0,4070.0,4100.0,3934.42041,113504700,tlkm
2023-03-30,4050.0,4130.0,4040.0,4090.0,3924.824463,87690800,tlkm
2023-03-31,4110.0,4120.0,4040.0,4060.0,3896.035889,93699000,tlkm
2023-04-03,4100.0,4100.0,4070.0,4080.0,3915.228271,56896200,tlkm
2023-04-04,4080.0,4100.0,4040.0,4060.0,3896.035889,82969200,tlkm
2023-04-05,4100.0,4170.0,4080.0,4150.0,3982.401123,70419100,tlkm
2023-04-06,4200.0,4270.0,4170.0,4250.0,4078.362793,125329700,tlkm
2023-04-10,4250.0,4300.0,4190.0,4300.0,4126.343262,85757900,tlkm
2023-04-11,4290.0,4300.0,4250.0,4300.0,4126.343262,84322900,tlkm
2023-04-12,4320.0,4350.0,4260.0,4310.0,4135.939453,178923700,tlkm
2023-04-13,4340.0,4350.0,4290.0,4340.0,4164.728027,119431600,tlkm
2023-04-14,4340.0,4360.0,4320.0,4340.0,4164.728027,117305500,tlkm
2023-04-17,4340.0,4340.0,4250.0,4270.0,4097.555176,59688000,tlkm
2023-04-18,4240.0,4280.0,4230.0,4270.0,4097.555176,65644600,tlkm
2023-04-26,4480.0,4500.0,4330.0,4400.0,4222.304688,198984100,tlkm
2023-04-27,4450.0,4450.0,4300.0,4320.0,4145.535645,58407000,tlkm
2023-04-28,4270.0,4320.0,4220.0,4250.0,4078.362793,112116900,tlkm
2023-05-02,4210.0,4220.0,4130.0,4190.0,4020.785889,117097400,tlkm
2023-05-03,4200.0,4200.0,4080.0,4150.0,3982.401123,158597800,tlkm
2023-05-04,4170.0,4190.0,4140.0,4150.0,3982.401123,98421300,tlkm
2023-05-05,4160.0,4170.0,4080.0,4170.0,4001.593506,113408100,tlkm
2023-05-08,4170.0,4180.0,4040.0,4060.0,3896.035889,121002600,tlkm
2023-05-09,4050.0,4090.0,4030.0,4070.0,3905.63208,105907900,tlkm
2023-05-10,4050.0,4130.0,4040.0,4130.0,3963.208984,84306600,tlkm
2023-05-11,4100.0,4120.0,4060.0,4090.0,3924.824463,74171300,tlkm
2023-05-12,4050.0,4050.0,3950.0,3980.0,3819.266602,236777600,tlkm
2023-05-15,3990.0,3990.0,3930.0,3980.0,3819.266602,113329300,tlkm
2023-05-16,4020.0,4020.0,3940.0,3980.0,3819.266602,68777200,tlkm
2023-05-17,3980.0,4020.0,3960.0,3990.0,3828.862793,83183300,tlkm
2023-05-19,3990.0,4060.0,3970.0,4020.0,3857.651367,95986000,tlkm
2023-05-22,4000.0,4080.0,3980.0,4040.0,3876.843506,115578100,tlkm
2023-05-23,4030.0,4080.0,4030.0,4040.0,3876.843506,132751000,tlkm
2023-05-24,4020.0,4200.0,4020.0,4160.0,3991.997314,194127500,tlkm
2023-05-25,4190.0,4220.0,4120.0,4120.0,3953.612793,122121000,tlkm
2023-05-26,4140.0,4160.0,4110.0,4130.0,3963.208984,62211800,tlkm
2023-05-29,4120.0,4200.0,4090.0,4200.0,4030.38208,77540300,tlkm
2023-05-30,4140.0,4190.0,4120.0,4120.0,3953.612793,78924700,tlkm
2023-05-31,4120.0,4160.0,4040.0,4040.0,3876.843506,1155861400,tlkm
2023-06-05,4060.0,4130.0,4020.0,4080.0,3915.228271,189129300,tlkm
2023-06-06,4090.0,4130.0,4050.0,4090.0,3924.824463,95792700,tlkm
2023-06-07,4100.0,4150.0,4080.0,4150.0,3982.401123,127707400,tlkm
2023-06-08,4160.0,4180.0,4120.0,4170.0,4001.593506,78989700,tlkm
2023-06-09,4170.0,4170.0,4140.0,4150.0,3982.401123,83014700,tlkm
2023-06-12,4040.0,4050.0,4010.0,4050.0,4050.0,94687300,tlkm
2023-06-13,4040.0,4060.0,4030.0,4030.0,4030.0,69609000,tlkm
2023-06-14,4020.0,4040.0,3990.0,4000.0,4000.0,110730800,tlkm
2023-06-15,3990.0,4040.0,3980.0,4020.0,4020.0,85391800,tlkm
2023-06-16,4020.0,4030.0,3960.0,3970.0,3970.0,160978900,tlkm
2023-06-19,3960.0,3990.0,3950.0,3960.0,3960.0,54934100,tlkm
2023-06-20,3980.0,3990.0,3950.0,3990.0,3990.0,55155600,tlkm
2023-06-21,3970.0,3980.0,3950.0,3980.0,3980.0,60191300,tlkm
2023-06-22,3980.0,3990.0,3940.0,3940.0,3940.0,56150900,tlkm
2023-06-23,3940.0,3960.0,3940.0,3950.0,3950.0,41812400,tlkm
2023-06-26,3940.0,3990.0,3940.0,3990.0,3990.0,36011500,tlkm
2023-06-27,4030.0,4030.0,3990.0,4000.0,4000.0,64879900,tlkm
2023-07-03,4030.0,4030.0,3970.0,4000.0,4000.0,75193200,tlkm
2023-07-04,4000.0,4010.0,3970.0,3970.0,3970.0,33974300,tlkm
2023-07-05,3970.0,3980.0,3950.0,3980.0,3980.0,43303000,tlkm
2023-07-06,3970.0,3990.0,3960.0,3960.0,3960.0,68088900,tlkm
2023-07-07,3960.0,3980.0,3950.0,3960.0,3960.0,50474800,tlkm
2023-07-10,3960.0,3980.0,3940.0,3950.0,3950.0,65643300,tlkm
2023-07-11,3950.0,3990.0,3950.0,3980.0,3980.0,89768500,tlkm
2023-07-12,3980.0,4010.0,3970.0,3980.0,3980.0,73770400,tlkm
2023-07-13,3960.0,3970.0,3910.0,3920.0,3920.0,83009900,tlkm
2023-07-14,3960.0,3960.0,3920.0,3930.0,3930.0,64886900,tlkm
2023-07-17,3950.0,3970.0,3910.0,3910.0,3910.0,81399700,tlkm
2023-07-18,3930.0,3930.0,3820.0,3850.0,3850.0,135860500,tlkm
2023-07-20,3820.0,3860.0,3810.0,3850.0,3850.0,88907600,tlkm
2023-07-21,3840.0,3870.0,3840.0,3860.0,3860.0,53955100,tlkm
2023-07-24,3880.0,3930.0,3870.0,3900.0,3900.0,80710100,tlkm
2023-07-25,3920.0,3920.0,3880.0,3880.0,3880.0,66434400,tlkm
2023-07-26,3890.0,3900.0,3830.0,3880.0,3880.0,86732900,tlkm
2023-07-27,3840.0,3860.0,3720.0,3720.0,3720.0,235026400,tlkm
2023-07-28,3710.0,3750.0,3690.0,3720.0,3720.0,181626700,tlkm
2023-07-31,3700.0,3750.0,3670.0,3720.0,3720.0,153583300,tlkm
2023-08-01,3700.0,3780.0,3700.0,3750.0,3750.0,97680500,tlkm
2023-08-02,3740.0,3740.0,3680.0,3690.0,3690.0,121333500,tlkm
2023-08-03,3670.0,3760.0,3670.0,3720.0,3720.0,82013300,tlkm
2023-08-04,3720.0,3730.0,3690.0,3690.0,3690.0,67746800,tlkm
2023-08-07,3700.0,3720.0,3680.0,3680.0,3680.0,94909700,tlkm
2023-08-08,3680.0,3760.0,3680.0,3730.0,3730.0,116329400,tlkm
2023-08-09,3750.0,3800.0,3740.0,3770.0,3770.0,129416100,tlkm
2023-08-10,3800.0,3830.0,3800.0,3800.0,3800.0,140158900,tlkm
2023-08-11,3830.0,3840.0,3790.0,3810.0,3810.0,109714400,tlkm
2023-08-14,3810.0,3830.0,3760.0,3830.0,3830.0,86871800,tlkm
2023-08-15,3800.0,3830.0,3800.0,3820.0,3820.0,80015200,tlkm
2023-08-16,3790.0,3830.0,3750.0,3830.0,3830.0,81507800,tlkm
2023-08-18,3790.0,3800.0,3760.0,3760.0,3760.0,108780100,tlkm
2023-08-21,3760.0,3780.0,3720.0,3740.0,3740.0,64449000,tlkm
2023-08-22,3740.0,3780.0,3730.0,3750.0,3750.0,98059600,tlkm
2023-08-23,3750.0,3770.0,3730.0,3740.0,3740.0,84842500,tlkm
2023-08-24,3730.0,3770.0,3720.0,3720.0,3720.0,82789700,tlkm
2023-08-25,3700.0,3730.0,3700.0,3720.0,3720.0,42049200,tlkm
2023-08-28,3730.0,3740.0,3700.0,3700.0,3700.0,37727500,tlkm
2023-08-29,3700.0,3720.0,3700.0,3720.0,3720.0,53453600,tlkm
2023-08-30,3730.0,3850.0,3720.0,3810.0,3810.0,130027200,tlkm
2023-08-31,3810.0,3820.0,3700.0,3730.0,3730.0,227635800,tlkm
2023-09-01,3710.0,3740.0,3710.0,3720.0,3720.0,82253200,tlkm
2023-09-04,3720.0,3750.0,3710.0,3730.0,3730.0,55881900,tlkm
2023-09-05,3730.0,3750.0,3710.0,3740.0,3740.0,62933300,tlkm
2023-09-06,3750.0,3810.0,3740.0,3790.0,3790.0,98673400,tlkm
2023-09-07,3780.0,3790.0,3730.0,3760.0,3760.0,63054500,tlkm
2023-09-08,3770.0,3770.0,3670.0,3690.0,3690.0,143090100,tlkm
2023-09-11,3710.0,3710.0,3680.0,3700.0,3700.0,76577500,tlkm
2023-09-12,3700.0,3740.0,3700.0,3710.0,3710.0,72170600,tlkm
2023-09-13,3720.0,3720.0,3670.0,3710.0,3710.0,82635900,tlkm
2023-09-14,3710.0,3720.0,3680.0,3680.0,3680.0,55532900,tlkm
2023-09-15,3680.0,3780.0,3670.0,3720.0,3720.0,147757300,tlkm
2023-09-18,3700.0,3720.0,3680.0,3680.0,3680.0,40645900,tlkm
2023-09-19,3690.0,3740.0,3690.0,3730.0,3730.0,38375000,tlkm
2023-09-20,3740.0,3850.0,3740.0,3810.0,3810.0,171751900,tlkm
2023-09-21,3810.0,3840.0,3790.0,3810.0,3810.0,94880700,tlkm
2023-09-22,3830.0,3880.0,3810.0,3860.0,3860.0,101185700,tlkm
2023-09-25,3810.0,3830.0,3770.0,3770.0,3770.0,125817700,tlkm
2023-09-26,3770.0,3800.0,3750.0,3760.0,3760.0,74734500,tlkm
2023-09-27,3750.0,3780.0,3720.0,3720.0,3720.0,83337700,tlkm
2023-09-29,3730.0,3800.0,3730.0,3750.0,3750.0,66219300,tlkm
2023-10-02,3750.0,3780.0,3730.0,3750.0,3750.0,71945000,tlkm
2023-10-03,3750.0,3800.0,3740.0,3770.0,3770.0,61155100,tlkm
2023-10-04,3800.0,3800.0,3740.0,3780.0,3780.0,77527700,tlkm
2023-10-05,3790.0,3800.0,3720.0,3720.0,3720.0,81258900,tlkm
2023-10-06,3780.0,3800.0,3770.0,3780.0,3780.0,60156100,tlkm
2023-10-09,3770.0,3780.0,3750.0,3760.0,3760.0,37711400,tlkm
2023-10-10,3780.0,3820.0,3770.0,3810.0,3810.0,51167900,tlkm
2023-10-11,3780.0,3810.0,3780.0,3780.0,3780.0,83154300,tlkm
2023-10-12,3820.0,3870.0,3800.0,3830.0,3830.0,101645100,tlkm
2023-10-13,3820.0,3850.0,3810.0,3850.0,3850.0,48856500,tlkm
2023-10-16,3850.0,3850.0,3740.0,3760.0,3760.0,117472800,tlkm
2023-10-17,3780.0,3810.0,3770.0,3790.0,3790.0,57046900,tlkm
2023-10-18,3770.0,3780.0,3730.0,3750.0,3750.0,64910600,tlkm
2023-10-19,3730.0,3760.0,3720.0,3730.0,3730.0,62296900,tlkm
2023-10-20,3720.0,3730.0,3690.0,3700.0,3700.0,38978200,tlkm
2023-10-23,3710.0,3720.0,3610.0,3610.0,3610.0,69428400,tlkm
2023-10-24,3640.0,3670.0,3600.0,3650.0,3650.0,67041700,tlkm
2023-10-25,3650.0,3680.0,3580.0,3600.0,3600.0,89567900,tlkm
2023-10-26,3600.0,3610.0,3460.0,3480.0,3480.0,141139700,tlkm
2023-10-27,3480.0,3530.0,3440.0,3500.0,3500.0,99607000,tlkm
2023-10-30,3500.0,3500.0,3390.0,3420.0,3420.0,82945500,tlkm
2023-10-31,3400.0,3510.0,3400.0,3490.0,3490.0,66801600,tlkm
2023-11-01,3600.0,3700.0,3600.0,3620.0,3620.0,154441100,tlkm
2023-11-02,3690.0,3690.0,3620.0,3620.0,3620.0,69582500,tlkm
2023-11-03,3590.0,3630.0,3540.0,3570.0,3570.0,85146800,tlkm
2023-11-06,3610.0,3650.0,3600.0,3650.0,3650.0,66902400,tlkm
2023-11-07,3600.0,3610.0,3550.0,3570.0,3570.0,103642200,tlkm
2023-11-08,3520.0,3540.0,3500.0,3520.0,3520.0,103415400,tlkm
2023-11-09,3500.0,3570.0,3500.0,3530.0,3530.0,96594900,tlkm
2023-11-10,3520.0,3550.0,3490.0,3550.0,3550.0,48619500,tlkm
2023-11-13,3570.0,3570.0,3510.0,3520.0,3520.0,37975400,tlkm
2023-11-14,3500.0,3540.0,3500.0,3500.0,3500.0,45987000,tlkm
2023-11-15,3520.0,3570.0,3520.0,3550.0,3550.0,114104500,tlkm
2023-11-16,3550.0,3550.0,3510.0,3540.0,3540.0,41789400,tlkm
2023-11-17,3530.0,3550.0,3480.0,3550.0,3550.0,55585600,tlkm
2023-11-20,3560.0,3600.0,3540.0,3590.0,3590.0,39932700,tlkm
2023-11-21,3590.0,3620.0,3580.0,3620.0,3620.0,68255800,tlkm
2023-11-22,3610.0,3630.0,3590.0,3610.0,3610.0,34555300,tlkm
2023-11-23,3610.0,3630.0,3590.0,3600.0,3600.0,57385100,tlkm
2023-11-24,3600.0,3620.0,3570.0,3620.0,3620.0,34583700,tlkm
2023-11-27,3640.0,3730.0,3640.0,3680.0,3680.0,73888700,tlkm
2023-11-28,3680.0,3800.0,3680.0,3770.0,3770.0,106829100,tlkm
2023-11-29,3750.0,3770.0,3700.0,3720.0,3720.0,56467400,tlkm
2023-11-30,3750.0,3820.0,3740.0,3760.0,3760.0,258522400,tlkm
2023-12-01,3790.0,3840.0,3790.0,3830.0,3830.0,81037200,tlkm
2023-12-04,3840.0,3860.0,3780.0,3810.0,3810.0,118483900,tlkm
2023-12-05,3830.0,3850.0,3800.0,3850.0,3850.0,74608900,tlkm
2023-12-06,3900.0,3950.0,3870.0,3920.0,3920.0,149345100,tlkm
2023-12-07,3950.0,3950.0,3880.0,3910.0,3910.0,91076200,tlkm
2023-12-08,3940.0,3940.0,3900.0,3940.0,3940.0,61476300,tlkm
2023-12-11,3870.0,3980.0,3850.0,3980.0,3980.0,99365500,tlkm
2023-12-12,3940.0,3950.0,3890.0,3910.0,3910.0,58707700,tlkm
2023-12-13,3870.0,3920.0,3870.0,3920.0,3920.0,54386800,tlkm
2023-12-14,3880.0,3960.0,3880.0,3940.0,3940.0,70705300,tlkm
2023-12-15,3940.0,3980.0,3900.0,3980.0,3980.0,109064200,tlkm
2023-12-18,3940.0,3970.0,3930.0,3970.0,3970.0,60940400,tlkm
2023-12-19,3950.0,3970.0,3940.0,3970.0,3970.0,32984500,tlkm
2023-12-20,3960.0,3990.0,3960.0,3960.0,3960.0,59574800,tlkm
2023-12-21,3960.0,3970.0,3930.0,3950.0,3950.0,48242100,tlkm
2023-12-22,3980.0,3980.0,3950.0,3960.0,3960.0,28222700,tlkm
2023-12-27,3990.0,4000.0,3920.0,3940.0,3940.0,73157200,tlkm
2023-12-28,3960.0,3970.0,3940.0,3960.0,3960.0,34024400,tlkm
2023-12-29,3960.0,3980.0,3940.0,3950.0,3950.0,27497600,tlkm
